operation_time,location,company,engine,milage,maintenance_needed
7370,hilly,tata,Ashok Leyland Dost Strong,19.71 kmpl,1
960,desert,tata,Mahindra Jeeto Plus,19.6 kmpl,0
5490,humid,mahindra,Maruti Suzuki Eeco Cargo,21.2 kmpl,0
5291,hilly,ashok leyland,Maruti Suzuki Eeco Cargo,19.6 kmpl,0
5834,desert,eicher motors,Ashok Leyland Dost Strong,21.2 kmpl,0
6365,rainy,mahindra,Ashok Leyland Dost Strong,19.6 kmpl,0
566,all,ashok leyland,Mahindra Supro Profit Truck (Mini),19.71 kmpl,0
4526,desert,mahindra,Maruti Suzuki Eeco Cargo,18 kmpl,1
5678,rainy,eicher motors,Mahindra Jeeto Plus,19.6 kmpl,0
8422,desert,tata,Maruti Suzuki Eeco Cargo,21.2 kmpl,1
1785,all,tata,Mahindra Supro Profit Truck (Mini),21.2 kmpl,0
869,all,ashok leyland,Ashok Leyland Dost Strong,19.71 kmpl,0
7049,hilly,bharat benz,Ashok Leyland Dost Strong,21.2 kmpl,0
2533,humid,ashok leyland,Mahindra Supro Profit Truck (Mini),22 kmpl,0
5411,desert,bharat benz,Mahindra Jeeto Plus,18 kmpl,1
5151,desert,mahindra,Ashok Leyland Dost Strong,19.6 kmpl,0
6520,rainy,mahindra,Maruti Suzuki Super Carry,18 kmpl,0
1284,all,eicher motors,Ashok Leyland Dost Strong,19.71 kmpl,1
4655,desert,bharat benz,Maruti Suzuki Super Carry,19.6 kmpl,0
3485,all,eicher motors,Mahindra Supro Profit Truck (Mini),19.6 kmpl,1
6496,desert,tata,Mahindra Supro Profit Truck (Mini),22 kmpl,0
8766,hilly,bharat benz,Ashok Leyland Dost Strong,19.71 kmpl,0
9374,humid,ashok leyland,Maruti Suzuki Eeco Cargo,21.2 kmpl,0
2658,desert,tata,Maruti Suzuki Super Carry,22 kmpl,0
7949,all,tata,Mahindra Jeeto Plus,22 kmpl,0
2147,hilly,ashok leyland,Ashok Leyland Dost Strong,18 kmpl,0
2847,desert,tata,Mahindra Jeeto Plus,18 kmpl,1
9267,rainy,bharat benz,Ashok Leyland Dost Strong,18 kmpl,1
289,humid,eicher motors,Maruti Suzuki Eeco Cargo,22 kmpl,0
2834,desert,tata,Maruti Suzuki Eeco Cargo,21.2 kmpl,0
3105,hilly,bharat benz,Maruti Suzuki Eeco Cargo,19.6 kmpl,0
4758,rainy,mahindra,Maruti Suzuki Eeco Cargo,18 kmpl,0
1999,hilly,bharat benz,Mahindra Supro Profit Truck (Mini),21.2 kmpl,0
7834,hilly,eicher motors,Mahindra Supro Profit Truck (Mini),19.71 kmpl,0
1367,rainy,bharat benz,Maruti Suzuki Super Carry,18 kmpl,0
1628,hilly,ashok leyland,Mahindra Jeeto Plus,19.6 kmpl,0
3656,rainy,eicher motors,Ashok Leyland Dost Strong,19.71 kmpl,1
3990,desert,mahindra,Ashok Leyland Dost Strong,19.71 kmpl,0
8938,rainy,ashok leyland,Mahindra Supro Profit Truck (Mini),19.6 kmpl,0
5493,rainy,bharat benz,Ashok Leyland Dost Strong,18 kmpl,0
8892,humid,eicher motors,Mahindra Supro Profit Truck (Mini),22 kmpl,0
8533,rainy,mahindra,Maruti Suzuki Super Carry,19.6 kmpl,0
7613,rainy,ashok leyland,Mahindra Jeeto Plus,19.6 kmpl,0
2712,desert,mahindra,Maruti Suzuki Super Carry,19.6 kmpl,1
7141,humid,bharat benz,Maruti Suzuki Eeco Cargo,19.71 kmpl,0
9655,all,mahindra,Maruti Suzuki Eeco Cargo,21.2 kmpl,0
6335,desert,tata,Maruti Suzuki Eeco Cargo,22 kmpl,1
5586,desert,ashok leyland,Maruti Suzuki Super Carry,18 kmpl,1
7199,all,mahindra,Ashok Leyland Dost Strong,18 kmpl,0
9770,rainy,bharat benz,Mahindra Jeeto Plus,21.2 kmpl,0
875,hilly,bharat benz,Maruti Suzuki Eeco Cargo,19.6 kmpl,0
8326,humid,mahindra,Maruti Suzuki Eeco Cargo,22 kmpl,0
3252,hilly,bharat benz,Maruti Suzuki Eeco Cargo,18 kmpl,0
1685,all,eicher motors,Mahindra Jeeto Plus,18 kmpl,0
4043,desert,eicher motors,Maruti Suzuki Eeco Cargo,19.6 kmpl,0
7655,desert,eicher motors,Mahindra Jeeto Plus,21.2 kmpl,0
3173,humid,tata,Maruti Suzuki Eeco Cargo,22 kmpl,0
1121,desert,mahindra,Maruti Suzuki Super Carry,21.2 kmpl,0
3943,desert,tata,Maruti Suzuki Super Carry,21.2 kmpl,0
8089,humid,bharat benz,Mahindra Jeeto Plus,22 kmpl,0
9792,humid,tata,Maruti Suzuki Super Carry,22 kmpl,0
6973,all,bharat benz,Mahindra Jeeto Plus,18 kmpl,0
5775,desert,bharat benz,Maruti Suzuki Super Carry,18 kmpl,0
261,desert,ashok leyland,Maruti Suzuki Super Carry,22 kmpl,0
4397,all,eicher motors,Mahindra Jeeto Plus,19.71 kmpl,0
1095,rainy,bharat benz,Ashok Leyland Dost Strong,18 kmpl,0
7729,rainy,ashok leyland,Maruti Suzuki Super Carry,19.71 kmpl,1
9567,rainy,eicher motors,Maruti Suzuki Eeco Cargo,22 kmpl,1
1116,all,bharat benz,Ashok Leyland Dost Strong,18 kmpl,0
7969,desert,bharat benz,Mahindra Jeeto Plus,21.2 kmpl,0
6539,all,tata,Ashok Leyland Dost Strong,22 kmpl,0
7992,all,tata,Mahindra Supro Profit Truck (Mini),19.6 kmpl,0
6963,rainy,eicher motors,Mahindra Supro Profit Truck (Mini),19.71 kmpl,0
8016,hilly,bharat benz,Maruti Suzuki Super Carry,22 kmpl,1
8629,desert,mahindra,Maruti Suzuki Super Carry,22 kmpl,0
978,rainy,tata,Maruti Suzuki Eeco Cargo,18 kmpl,0
9368,hilly,eicher motors,Ashok Leyland Dost Strong,18 kmpl,1
4987,hilly,bharat benz,Mahindra Supro Profit Truck (Mini),18 kmpl,1
4959,humid,bharat benz,Maruti Suzuki Super Carry,19.6 kmpl,1
6431,desert,mahindra,Ashok Leyland Dost Strong,18 kmpl,0
8671,hilly,eicher motors,Maruti Suzuki Super Carry,22 kmpl,0
8784,rainy,bharat benz,Maruti Suzuki Super Carry,18 kmpl,0
7308,humid,tata,Mahindra Supro Profit Truck (Mini),21.2 kmpl,0
5376,desert,mahindra,Mahindra Supro Profit Truck (Mini),18 kmpl,0
2162,all,eicher motors,Maruti Suzuki Super Carry,19.6 kmpl,0
164,rainy,mahindra,Mahindra Jeeto Plus,21.2 kmpl,1
8106,hilly,tata,Maruti Suzuki Super Carry,22 kmpl,0
2668,hilly,eicher motors,Maruti Suzuki Super Carry,22 kmpl,0
5563,rainy,mahindra,Maruti Suzuki Eeco Cargo,19.71 kmpl,0
2127,hilly,ashok leyland,Maruti Suzuki Eeco Cargo,21.2 kmpl,0
2795,humid,tata,Maruti Suzuki Eeco Cargo,19.71 kmpl,0
9787,desert,tata,Mahindra Jeeto Plus,21.2 kmpl,0
5358,humid,tata,Mahindra Jeeto Plus,21.2 kmpl,0
5718,hilly,ashok leyland,Maruti Suzuki Super Carry,19.6 kmpl,1
6836,all,ashok leyland,Maruti Suzuki Eeco Cargo,19.71 kmpl,0
491,desert,bharat benz,Mahindra Jeeto Plus,19.6 kmpl,1
5992,desert,mahindra,Mahindra Supro Profit Truck (Mini),21.2 kmpl,0
3661,rainy,bharat benz,Maruti Suzuki Super Carry,22 kmpl,0
6284,rainy,mahindra,Ashok Leyland Dost Strong,21.2 kmpl,0
3199,all,ashok leyland,Maruti Suzuki Super Carry,19.6 kmpl,0
6378,desert,ashok leyland,Ashok Leyland Dost Strong,19.71 kmpl,0
8492,all,bharat benz,Maruti Suzuki Eeco Cargo,19.71 kmpl,0
3204,rainy,eicher motors,Ashok Leyland Dost Strong,19.6 kmpl,1
7315,rainy,bharat benz,Maruti Suzuki Eeco Cargo,19.71 kmpl,1
2554,desert,mahindra,Mahindra Supro Profit Truck (Mini),18 kmpl,0
9096,humid,bharat benz,Ashok Leyland Dost Strong,22 kmpl,1
2831,hilly,tata,Maruti Suzuki Super Carry,22 kmpl,0
8254,rainy,mahindra,Maruti Suzuki Eeco Cargo,22 kmpl,1
9862,rainy,mahindra,Maruti Suzuki Super Carry,19.71 kmpl,0
5156,humid,eicher motors,Mahindra Jeeto Plus,19.71 kmpl,0
8210,humid,ashok leyland,Maruti Suzuki Eeco Cargo,21.2 kmpl,1
3940,all,mahindra,Ashok Leyland Dost Strong,21.2 kmpl,0
1128,all,ashok leyland,Maruti Suzuki Eeco Cargo,22 kmpl,1
7485,hilly,bharat benz,Maruti Suzuki Super Carry,18 kmpl,0
602,hilly,tata,Mahindra Supro Profit Truck (Mini),21.2 kmpl,0
7010,desert,eicher motors,Maruti Suzuki Eeco Cargo,21.2 kmpl,0
9162,all,ashok leyland,Ashok Leyland Dost Strong,19.71 kmpl,0
7038,rainy,mahindra,Mahindra Jeeto Plus,18 kmpl,0
4588,all,ashok leyland,Mahindra Supro Profit Truck (Mini),22 kmpl,1
306,rainy,mahindra,Mahindra Jeeto Plus,21.2 kmpl,0
5234,humid,ashok leyland,Maruti Suzuki Eeco Cargo,18 kmpl,1
6077,all,mahindra,Maruti Suzuki Super Carry,18 kmpl,1
7821,humid,bharat benz,Maruti Suzuki Super Carry,22 kmpl,0
7135,hilly,mahindra,Ashok Leyland Dost Strong,18 kmpl,1
1584,hilly,mahindra,Maruti Suzuki Super Carry,18 kmpl,1
7958,desert,tata,Mahindra Supro Profit Truck (Mini),18 kmpl,1
963,all,mahindra,Maruti Suzuki Super Carry,21.2 kmpl,1
2890,humid,tata,Ashok Leyland Dost Strong,22 kmpl,1
7508,rainy,eicher motors,Maruti Suzuki Eeco Cargo,18 kmpl,0
8855,hilly,tata,Maruti Suzuki Eeco Cargo,18 kmpl,0
5216,hilly,bharat benz,Maruti Suzuki Super Carry,21.2 kmpl,1
6119,rainy,tata,Mahindra Jeeto Plus,22 kmpl,0
1857,humid,eicher motors,Maruti Suzuki Eeco Cargo,19.71 kmpl,0
7674,humid,bharat benz,Maruti Suzuki Super Carry,21.2 kmpl,0
6474,all,ashok leyland,Ashok Leyland Dost Strong,22 kmpl,1
6992,all,ashok leyland,Maruti Suzuki Super Carry,18 kmpl,0
1778,desert,tata,Maruti Suzuki Eeco Cargo,22 kmpl,1
3342,hilly,tata,Ashok Leyland Dost Strong,22 kmpl,0
4736,all,eicher motors,Maruti Suzuki Super Carry,22 kmpl,0
1159,humid,eicher motors,Mahindra Supro Profit Truck (Mini),19.71 kmpl,0
6768,rainy,mahindra,Ashok Leyland Dost Strong,22 kmpl,0
3257,humid,eicher motors,Mahindra Supro Profit Truck (Mini),19.71 kmpl,0
6015,hilly,mahindra,Mahindra Jeeto Plus,18 kmpl,1
9889,humid,bharat benz,Ashok Leyland Dost Strong,19.71 kmpl,1
2793,desert,tata,Mahindra Supro Profit Truck (Mini),18 kmpl,0
3727,hilly,bharat benz,Maruti Suzuki Eeco Cargo,18 kmpl,0
9655,rainy,eicher motors,Maruti Suzuki Eeco Cargo,19.71 kmpl,1
5550,desert,bharat benz,Mahindra Jeeto Plus,21.2 kmpl,1
1763,hilly,bharat benz,Ashok Leyland Dost Strong,19.6 kmpl,0
9821,rainy,bharat benz,Ashok Leyland Dost Strong,22 kmpl,0
5692,desert,eicher motors,Ashok Leyland Dost Strong,19.6 kmpl,0
7492,desert,bharat benz,Mahindra Jeeto Plus,22 kmpl,1
1406,hilly,mahindra,Ashok Leyland Dost Strong,22 kmpl,0
6876,all,eicher motors,Maruti Suzuki Eeco Cargo,18 kmpl,0
5964,desert,bharat benz,Mahindra Supro Profit Truck (Mini),22 kmpl,0
9574,desert,eicher motors,Maruti Suzuki Eeco Cargo,22 kmpl,1
7626,rainy,ashok leyland,Maruti Suzuki Eeco Cargo,19.71 kmpl,0
9001,humid,mahindra,Mahindra Supro Profit Truck (Mini),19.6 kmpl,0
5675,hilly,bharat benz,Maruti Suzuki Eeco Cargo,19.71 kmpl,0
5630,hilly,ashok leyland,Mahindra Jeeto Plus,22 kmpl,0
4513,all,ashok leyland,Mahindra Supro Profit Truck (Mini),18 kmpl,0
3848,all,eicher motors,Maruti Suzuki Eeco Cargo,19.71 kmpl,1
763,hilly,ashok leyland,Maruti Suzuki Super Carry,19.71 kmpl,1
2098,all,mahindra,Maruti Suzuki Eeco Cargo,21.2 kmpl,1
8094,rainy,mahindra,Mahindra Jeeto Plus,22 kmpl,1
1595,hilly,tata,Ashok Leyland Dost Strong,18 kmpl,0
3404,all,mahindra,Maruti Suzuki Eeco Cargo,19.71 kmpl,1
3863,hilly,ashok leyland,Ashok Leyland Dost Strong,19.71 kmpl,0
5332,humid,mahindra,Maruti Suzuki Super Carry,18 kmpl,0
1953,desert,eicher motors,Maruti Suzuki Eeco Cargo,22 kmpl,1
6685,hilly,tata,Mahindra Supro Profit Truck (Mini),21.2 kmpl,0
1391,desert,ashok leyland,Ashok Leyland Dost Strong,19.71 kmpl,0
3681,all,tata,Maruti Suzuki Super Carry,21.2 kmpl,0
7654,desert,ashok leyland,Mahindra Supro Profit Truck (Mini),19.6 kmpl,0
7380,hilly,eicher motors,Mahindra Supro Profit Truck (Mini),22 kmpl,0
1736,humid,tata,Mahindra Supro Profit Truck (Mini),19.6 kmpl,1
3796,all,bharat benz,Mahindra Supro Profit Truck (Mini),19.6 kmpl,1
798,hilly,ashok leyland,Maruti Suzuki Eeco Cargo,19.6 kmpl,0
4837,all,bharat benz,Maruti Suzuki Eeco Cargo,22 kmpl,0
954,rainy,tata,Maruti Suzuki Eeco Cargo,22 kmpl,0
8264,desert,bharat benz,Maruti Suzuki Super Carry,18 kmpl,1
5955,rainy,bharat benz,Maruti Suzuki Super Carry,21.2 kmpl,0
7492,hilly,tata,Maruti Suzuki Super Carry,21.2 kmpl,0
6628,humid,eicher motors,Mahindra Jeeto Plus,18 kmpl,0
5349,all,bharat benz,Maruti Suzuki Super Carry,18 kmpl,0
5272,desert,bharat benz,Maruti Suzuki Eeco Cargo,19.6 kmpl,0
1807,all,eicher motors,Maruti Suzuki Eeco Cargo,18 kmpl,1
5891,hilly,bharat benz,Mahindra Jeeto Plus,19.71 kmpl,0
5635,all,bharat benz,Mahindra Jeeto Plus,21.2 kmpl,0
5031,desert,bharat benz,Maruti Suzuki Super Carry,18 kmpl,0
3610,hilly,mahindra,Ashok Leyland Dost Strong,19.71 kmpl,1
302,all,eicher motors,Mahindra Jeeto Plus,19.71 kmpl,0
4318,humid,bharat benz,Mahindra Supro Profit Truck (Mini),19.71 kmpl,0
9058,hilly,eicher motors,Maruti Suzuki Eeco Cargo,19.71 kmpl,0
4489,hilly,ashok leyland,Mahindra Supro Profit Truck (Mini),19.6 kmpl,0
2427,humid,ashok leyland,Maruti Suzuki Eeco Cargo,19.71 kmpl,1
8104,rainy,bharat benz,Maruti Suzuki Eeco Cargo,19.6 kmpl,0
3031,desert,eicher motors,Mahindra Jeeto Plus,19.6 kmpl,1
7877,rainy,eicher motors,Mahindra Jeeto Plus,19.71 kmpl,0
297,all,eicher motors,Mahindra Supro Profit Truck (Mini),21.2 kmpl,1
7225,humid,mahindra,Maruti Suzuki Eeco Cargo,19.71 kmpl,0
2030,rainy,ashok leyland,Mahindra Supro Profit Truck (Mini),19.71 kmpl,1
6387,hilly,eicher motors,Ashok Leyland Dost Strong,19.71 kmpl,0
8900,all,eicher motors,Mahindra Supro Profit Truck (Mini),21.2 kmpl,0
9439,all,mahindra,Maruti Suzuki Super Carry,22 kmpl,1
4382,rainy,mahindra,Mahindra Supro Profit Truck (Mini),22 kmpl,0
2611,rainy,eicher motors,Maruti Suzuki Super Carry,19.6 kmpl,0
759,humid,tata,Maruti Suzuki Super Carry,19.6 kmpl,0
2911,desert,eicher motors,Maruti Suzuki Super Carry,21.2 kmpl,0
7198,rainy,eicher motors,Ashok Leyland Dost Strong,18 kmpl,0
6646,rainy,mahindra,Mahindra Supro Profit Truck (Mini),22 kmpl,0
9661,hilly,mahindra,Mahindra Supro Profit Truck (Mini),19.6 kmpl,0
2086,all,eicher motors,Ashok Leyland Dost Strong,22 kmpl,1
8438,desert,eicher motors,Maruti Suzuki Eeco Cargo,21.2 kmpl,0
3011,hilly,eicher motors,Mahindra Jeeto Plus,21.2 kmpl,1
1834,humid,mahindra,Mahindra Supro Profit Truck (Mini),18 kmpl,1
1943,humid,eicher motors,Mahindra Jeeto Plus,18 kmpl,0
8780,rainy,eicher motors,Ashok Leyland Dost Strong,21.2 kmpl,0
3076,rainy,bharat benz,Maruti Suzuki Eeco Cargo,19.6 kmpl,0
2059,humid,tata,Maruti Suzuki Eeco Cargo,22 kmpl,0
5859,rainy,ashok leyland,Maruti Suzuki Eeco Cargo,19.71 kmpl,1
6794,desert,tata,Ashok Leyland Dost Strong,18 kmpl,0
2485,rainy,bharat benz,Maruti Suzuki Super Carry,19.71 kmpl,0
4836,all,ashok leyland,Maruti Suzuki Super Carry,19.6 kmpl,0
1902,rainy,eicher motors,Mahindra Jeeto Plus,18 kmpl,0
8255,hilly,bharat benz,Maruti Suzuki Super Carry,19.71 kmpl,0
8220,desert,eicher motors,Maruti Suzuki Super Carry,19.6 kmpl,0
6716,hilly,mahindra,Maruti Suzuki Eeco Cargo,22 kmpl,1
5634,hilly,bharat benz,Maruti Suzuki Eeco Cargo,19.6 kmpl,0
4161,all,mahindra,Mahindra Jeeto Plus,18 kmpl,0
362,desert,bharat benz,Mahindra Supro Profit Truck (Mini),21.2 kmpl,1
6387,desert,bharat benz,Mahindra Jeeto Plus,22 kmpl,0
8915,desert,mahindra,Mahindra Jeeto Plus,19.71 kmpl,1
9308,desert,ashok leyland,Ashok Leyland Dost Strong,18 kmpl,1
2149,desert,tata,Ashok Leyland Dost Strong,21.2 kmpl,1
5523,all,eicher motors,Mahindra Jeeto Plus,19.6 kmpl,1
4648,rainy,bharat benz,Mahindra Jeeto Plus,21.2 kmpl,0
3208,hilly,eicher motors,Mahindra Jeeto Plus,18 kmpl,1
7258,desert,mahindra,Maruti Suzuki Super Carry,18 kmpl,0
7500,rainy,eicher motors,Ashok Leyland Dost Strong,21.2 kmpl,1
3270,rainy,mahindra,Mahindra Jeeto Plus,19.6 kmpl,1
9974,hilly,eicher motors,Maruti Suzuki Eeco Cargo,21.2 kmpl,1
2355,all,tata,Maruti Suzuki Eeco Cargo,18 kmpl,1
1254,humid,tata,Maruti Suzuki Super Carry,18 kmpl,0
4599,humid,tata,Maruti Suzuki Super Carry,19.71 kmpl,1
6395,rainy,tata,Mahindra Supro Profit Truck (Mini),19.71 kmpl,0
6297,hilly,tata,Mahindra Supro Profit Truck (Mini),22 kmpl,1
9988,humid,tata,Mahindra Supro Profit Truck (Mini),18 kmpl,0
1748,rainy,mahindra,Maruti Suzuki Super Carry,19.71 kmpl,0
5639,all,bharat benz,Maruti Suzuki Super Carry,21.2 kmpl,0
9737,humid,eicher motors,Maruti Suzuki Super Carry,19.6 kmpl,0
4299,rainy,tata,Maruti Suzuki Eeco Cargo,21.2 kmpl,1
8545,rainy,mahindra,Maruti Suzuki Super Carry,19.6 kmpl,0
2657,desert,mahindra,Maruti Suzuki Eeco Cargo,19.71 kmpl,0
5692,all,mahindra,Mahindra Supro Profit Truck (Mini),22 kmpl,0
198,desert,bharat benz,Mahindra Supro Profit Truck (Mini),21.2 kmpl,1
2300,hilly,eicher motors,Mahindra Supro Profit Truck (Mini),21.2 kmpl,0
3061,desert,bharat benz,Mahindra Jeeto Plus,21.2 kmpl,0
5073,desert,ashok leyland,Mahindra Jeeto Plus,19.6 kmpl,0
4533,humid,mahindra,Ashok Leyland Dost Strong,19.71 kmpl,0
2969,rainy,ashok leyland,Ashok Leyland Dost Strong,21.2 kmpl,0
1056,all,tata,Ashok Leyland Dost Strong,21.2 kmpl,0
8452,desert,tata,Mahindra Jeeto Plus,22 kmpl,0
5799,all,bharat benz,Mahindra Jeeto Plus,22 kmpl,1
7044,desert,eicher motors,Ashok Leyland Dost Strong,19.71 kmpl,1
4593,hilly,ashok leyland,Ashok Leyland Dost Strong,19.71 kmpl,0
9592,desert,eicher motors,Maruti Suzuki Super Carry,18 kmpl,1
5011,humid,bharat benz,Ashok Leyland Dost Strong,22 kmpl,0
4087,rainy,tata,Maruti Suzuki Super Carry,18 kmpl,0
9819,hilly,eicher motors,Maruti Suzuki Eeco Cargo,19.6 kmpl,0
6115,desert,eicher motors,Mahindra Jeeto Plus,18 kmpl,0
1318,all,tata,Ashok Leyland Dost Strong,21.2 kmpl,0
4596,hilly,ashok leyland,Mahindra Jeeto Plus,18 kmpl,0
4835,hilly,tata,Mahindra Jeeto Plus,19.71 kmpl,0
4655,desert,eicher motors,Mahindra Jeeto Plus,19.6 kmpl,1
9246,hilly,ashok leyland,Maruti Suzuki Eeco Cargo,21.2 kmpl,0
8150,all,ashok leyland,Mahindra Supro Profit Truck (Mini),18 kmpl,0
3546,hilly,tata,Ashok Leyland Dost Strong,19.6 kmpl,0
1145,all,eicher motors,Mahindra Supro Profit Truck (Mini),19.6 kmpl,0
6993,desert,bharat benz,Mahindra Supro Profit Truck (Mini),21.2 kmpl,0
1793,rainy,eicher motors,Mahindra Supro Profit Truck (Mini),18 kmpl,0
3536,hilly,mahindra,Mahindra Jeeto Plus,19.6 kmpl,1
8854,rainy,bharat benz,Maruti Suzuki Super Carry,19.6 kmpl,0
5995,all,ashok leyland,Mahindra Jeeto Plus,22 kmpl,0
3454,hilly,bharat benz,Mahindra Jeeto Plus,19.6 kmpl,0
325,humid,ashok leyland,Mahindra Supro Profit Truck (Mini),22 kmpl,0
4993,rainy,ashok leyland,Mahindra Jeeto Plus,18 kmpl,0
7122,hilly,bharat benz,Mahindra Supro Profit Truck (Mini),18 kmpl,0
9251,rainy,ashok leyland,Maruti Suzuki Super Carry,18 kmpl,0
5700,hilly,ashok leyland,Ashok Leyland Dost Strong,19.71 kmpl,0
8096,desert,mahindra,Mahindra Supro Profit Truck (Mini),18 kmpl,0
9107,rainy,eicher motors,Maruti Suzuki Super Carry,19.6 kmpl,0
7783,humid,eicher motors,Ashok Leyland Dost Strong,21.2 kmpl,0
4742,humid,mahindra,Maruti Suzuki Eeco Cargo,22 kmpl,0
7779,all,bharat benz,Mahindra Supro Profit Truck (Mini),19.71 kmpl,0
8308,hilly,tata,Mahindra Supro Profit Truck (Mini),18 kmpl,0
7439,rainy,tata,Maruti Suzuki Eeco Cargo,18 kmpl,0
9535,all,tata,Maruti Suzuki Eeco Cargo,21.2 kmpl,0
2305,rainy,mahindra,Mahindra Supro Profit Truck (Mini),21.2 kmpl,0
1169,hilly,mahindra,Maruti Suzuki Eeco Cargo,19.71 kmpl,0
3544,humid,ashok leyland,Mahindra Jeeto Plus,22 kmpl,1
1160,desert,tata,Ashok Leyland Dost Strong,18 kmpl,0
2427,humid,bharat benz,Ashok Leyland Dost Strong,19.71 kmpl,1
3520,all,bharat benz,Ashok Leyland Dost Strong,19.6 kmpl,0
401,desert,tata,Mahindra Jeeto Plus,19.6 kmpl,0
706,all,tata,Maruti Suzuki Eeco Cargo,19.71 kmpl,0
3270,hilly,tata,Maruti Suzuki Super Carry,18 kmpl,0
799,desert,mahindra,Maruti Suzuki Eeco Cargo,19.71 kmpl,0
5188,all,mahindra,Mahindra Supro Profit Truck (Mini),18 kmpl,0
9431,hilly,mahindra,Ashok Leyland Dost Strong,21.2 kmpl,0
290,humid,eicher motors,Maruti Suzuki Eeco Cargo,19.71 kmpl,0
1080,hilly,bharat benz,Maruti Suzuki Super Carry,18 kmpl,1
3075,rainy,bharat benz,Mahindra Supro Profit Truck (Mini),19.71 kmpl,1
6202,hilly,ashok leyland,Mahindra Jeeto Plus,19.71 kmpl,0
1284,hilly,mahindra,Mahindra Jeeto Plus,18 kmpl,0
3427,rainy,eicher motors,Maruti Suzuki Super Carry,18 kmpl,0
3494,all,eicher motors,Mahindra Supro Profit Truck (Mini),22 kmpl,0
8419,all,bharat benz,Ashok Leyland Dost Strong,19.71 kmpl,0
1916,hilly,mahindra,Maruti Suzuki Eeco Cargo,19.6 kmpl,1
5954,rainy,ashok leyland,Mahindra Supro Profit Truck (Mini),19.71 kmpl,0
6809,rainy,mahindra,Mahindra Jeeto Plus,19.71 kmpl,0
669,humid,tata,Maruti Suzuki Super Carry,18 kmpl,0
5542,all,mahindra,Maruti Suzuki Super Carry,19.71 kmpl,1
1995,desert,tata,Maruti Suzuki Eeco Cargo,19.71 kmpl,0
2833,all,tata,Maruti Suzuki Super Carry,19.6 kmpl,0
3963,all,ashok leyland,Maruti Suzuki Super Carry,18 kmpl,1
7555,humid,bharat benz,Mahindra Supro Profit Truck (Mini),19.71 kmpl,0
4114,desert,mahindra,Ashok Leyland Dost Strong,21.2 kmpl,1
1786,humid,tata,Maruti Suzuki Eeco Cargo,22 kmpl,0
3109,desert,mahindra,Mahindra Supro Profit Truck (Mini),19.6 kmpl,1
7906,hilly,bharat benz,Ashok Leyland Dost Strong,19.71 kmpl,0
254,desert,bharat benz,Mahindra Supro Profit Truck (Mini),21.2 kmpl,0
1509,humid,eicher motors,Mahindra Supro Profit Truck (Mini),19.71 kmpl,1
884,all,bharat benz,Maruti Suzuki Super Carry,19.71 kmpl,0
8196,desert,ashok leyland,Ashok Leyland Dost Strong,18 kmpl,0
7660,desert,tata,Maruti Suzuki Eeco Cargo,18 kmpl,0
7443,rainy,eicher motors,Maruti Suzuki Eeco Cargo,18 kmpl,0
7306,all,ashok leyland,Ashok Leyland Dost Strong,21.2 kmpl,0
5696,hilly,mahindra,Maruti Suzuki Super Carry,19.71 kmpl,0
5901,humid,tata,Mahindra Jeeto Plus,22 kmpl,0
2906,hilly,bharat benz,Mahindra Supro Profit Truck (Mini),19.6 kmpl,0
637,all,tata,Maruti Suzuki Super Carry,18 kmpl,0
6086,desert,mahindra,Ashok Leyland Dost Strong,18 kmpl,0
1941,desert,eicher motors,Mahindra Supro Profit Truck (Mini),19.71 kmpl,1
8816,all,eicher motors,Maruti Suzuki Eeco Cargo,19.71 kmpl,1
7071,desert,eicher motors,Mahindra Jeeto Plus,21.2 kmpl,1
5725,desert,bharat benz,Maruti Suzuki Eeco Cargo,21.2 kmpl,0
3050,desert,ashok leyland,Ashok Leyland Dost Strong,18 kmpl,0
8092,humid,ashok leyland,Mahindra Supro Profit Truck (Mini),19.71 kmpl,0
4880,humid,tata,Ashok Leyland Dost Strong,22 kmpl,0
2468,rainy,bharat benz,Mahindra Supro Profit Truck (Mini),19.6 kmpl,0
6755,hilly,eicher motors,Maruti Suzuki Super Carry,19.71 kmpl,0
8273,all,eicher motors,Mahindra Jeeto Plus,19.71 kmpl,0
4595,all,mahindra,Maruti Suzuki Super Carry,21.2 kmpl,1
9263,all,mahindra,Maruti Suzuki Super Carry,19.6 kmpl,0
6102,rainy,eicher motors,Ashok Leyland Dost Strong,18 kmpl,0
6714,humid,eicher motors,Mahindra Jeeto Plus,19.71 kmpl,0
9458,rainy,bharat benz,Mahindra Supro Profit Truck (Mini),18 kmpl,0
6019,all,ashok leyland,Mahindra Supro Profit Truck (Mini),19.71 kmpl,1
953,hilly,mahindra,Maruti Suzuki Eeco Cargo,18 kmpl,0
4246,desert,ashok leyland,Mahindra Supro Profit Truck (Mini),19.6 kmpl,0
3869,humid,bharat benz,Ashok Leyland Dost Strong,21.2 kmpl,0
674,humid,eicher motors,Maruti Suzuki Super Carry,19.6 kmpl,0
1248,rainy,ashok leyland,Maruti Suzuki Super Carry,22 kmpl,0
6393,humid,eicher motors,Maruti Suzuki Super Carry,21.2 kmpl,1
6557,all,eicher motors,Mahindra Jeeto Plus,19.6 kmpl,1
7609,all,tata,Mahindra Supro Profit Truck (Mini),22 kmpl,1
4877,rainy,ashok leyland,Ashok Leyland Dost Strong,19.71 kmpl,0
3954,all,ashok leyland,Mahindra Jeeto Plus,19.71 kmpl,1
2591,hilly,eicher motors,Maruti Suzuki Eeco Cargo,18 kmpl,0
3224,rainy,bharat benz,Ashok Leyland Dost Strong,21.2 kmpl,0
5791,hilly,tata,Ashok Leyland Dost Strong,19.71 kmpl,0
3151,desert,eicher motors,Ashok Leyland Dost Strong,21.2 kmpl,0
104,hilly,mahindra,Maruti Suzuki Super Carry,19.71 kmpl,0
5322,desert,mahindra,Ashok Leyland Dost Strong,18 kmpl,1
5415,desert,tata,Mahindra Supro Profit Truck (Mini),19.6 kmpl,0
4969,hilly,bharat benz,Ashok Leyland Dost Strong,18 kmpl,0
976,rainy,eicher motors,Maruti Suzuki Super Carry,22 kmpl,0
9283,all,ashok leyland,Ashok Leyland Dost Strong,19.71 kmpl,1
7127,all,tata,Maruti Suzuki Eeco Cargo,22 kmpl,1
4242,desert,bharat benz,Maruti Suzuki Eeco Cargo,22 kmpl,1
7066,desert,ashok leyland,Maruti Suzuki Super Carry,21.2 kmpl,0
7179,rainy,mahindra,Mahindra Supro Profit Truck (Mini),19.71 kmpl,0
8087,humid,mahindra,Mahindra Supro Profit Truck (Mini),22 kmpl,0
6899,hilly,ashok leyland,Mahindra Jeeto Plus,19.6 kmpl,0
4565,desert,tata,Maruti Suzuki Super Carry,22 kmpl,0
735,all,mahindra,Ashok Leyland Dost Strong,19.6 kmpl,0
1793,rainy,eicher motors,Maruti Suzuki Super Carry,21.2 kmpl,0
9974,hilly,ashok leyland,Mahindra Jeeto Plus,22 kmpl,1
4852,rainy,ashok leyland,Maruti Suzuki Super Carry,18 kmpl,0
8411,hilly,mahindra,Maruti Suzuki Super Carry,21.2 kmpl,0
930,hilly,tata,Mahindra Jeeto Plus,19.6 kmpl,0
5277,desert,eicher motors,Mahindra Supro Profit Truck (Mini),21.2 kmpl,1
9661,rainy,tata,Ashok Leyland Dost Strong,22 kmpl,1
9032,rainy,bharat benz,Mahindra Jeeto Plus,19.71 kmpl,1
8408,all,bharat benz,Maruti Suzuki Eeco Cargo,19.71 kmpl,1
6049,all,mahindra,Mahindra Supro Profit Truck (Mini),19.6 kmpl,0
2938,desert,mahindra,Maruti Suzuki Eeco Cargo,19.6 kmpl,0
1250,desert,mahindra,Mahindra Supro Profit Truck (Mini),19.71 kmpl,0
7660,humid,bharat benz,Ashok Leyland Dost Strong,19.6 kmpl,0
2031,all,tata,Ashok Leyland Dost Strong,21.2 kmpl,0
9304,hilly,tata,Maruti Suzuki Super Carry,18 kmpl,0
1764,rainy,mahindra,Maruti Suzuki Eeco Cargo,18 kmpl,1
1181,desert,eicher motors,Mahindra Supro Profit Truck (Mini),21.2 kmpl,1
612,rainy,tata,Ashok Leyland Dost Strong,18 kmpl,1
7905,rainy,bharat benz,Mahindra Jeeto Plus,22 kmpl,1
5337,humid,ashok leyland,Ashok Leyland Dost Strong,21.2 kmpl,0
659,all,ashok leyland,Mahindra Jeeto Plus,19.6 kmpl,0
3772,desert,ashok leyland,Mahindra Supro Profit Truck (Mini),21.2 kmpl,0
7504,rainy,eicher motors,Ashok Leyland Dost Strong,19.71 kmpl,0
3443,desert,mahindra,Ashok Leyland Dost Strong,19.6 kmpl,1
4170,hilly,bharat benz,Mahindra Supro Profit Truck (Mini),19.71 kmpl,0
9762,humid,eicher motors,Ashok Leyland Dost Strong,19.6 kmpl,1
680,hilly,bharat benz,Mahindra Jeeto Plus,18 kmpl,0
7104,desert,bharat benz,Ashok Leyland Dost Strong,21.2 kmpl,0
8230,desert,mahindra,Maruti Suzuki Eeco Cargo,22 kmpl,0
3247,all,ashok leyland,Maruti Suzuki Super Carry,19.6 kmpl,0
4349,rainy,mahindra,Mahindra Jeeto Plus,19.6 kmpl,0
1779,rainy,eicher motors,Maruti Suzuki Eeco Cargo,19.71 kmpl,0
3606,hilly,eicher motors,Mahindra Supro Profit Truck (Mini),18 kmpl,1
7353,humid,eicher motors,Mahindra Jeeto Plus,19.71 kmpl,0
2844,rainy,mahindra,Maruti Suzuki Super Carry,19.71 kmpl,0
9535,all,bharat benz,Maruti Suzuki Super Carry,18 kmpl,0
5288,hilly,bharat benz,Mahindra Supro Profit Truck (Mini),22 kmpl,0
2241,hilly,tata,Mahindra Supro Profit Truck (Mini),19.71 kmpl,1
6717,all,eicher motors,Mahindra Jeeto Plus,19.71 kmpl,0
2579,humid,bharat benz,Ashok Leyland Dost Strong,19.6 kmpl,1
6584,all,tata,Mahindra Supro Profit Truck (Mini),18 kmpl,0
9927,humid,bharat benz,Ashok Leyland Dost Strong,21.2 kmpl,1
7521,all,eicher motors,Maruti Suzuki Eeco Cargo,22 kmpl,0
4552,all,ashok leyland,Maruti Suzuki Super Carry,22 kmpl,0
5981,desert,eicher motors,Ashok Leyland Dost Strong,18 kmpl,0
6765,hilly,mahindra,Maruti Suzuki Super Carry,19.6 kmpl,0
2949,all,bharat benz,Ashok Leyland Dost Strong,19.6 kmpl,0
7490,all,bharat benz,Maruti Suzuki Eeco Cargo,18 kmpl,0
7005,rainy,mahindra,Mahindra Supro Profit Truck (Mini),19.6 kmpl,0
2589,hilly,mahindra,Maruti Suzuki Eeco Cargo,22 kmpl,0
9923,rainy,ashok leyland,Mahindra Supro Profit Truck (Mini),22 kmpl,0
9307,hilly,bharat benz,Mahindra Supro Profit Truck (Mini),21.2 kmpl,1
9640,rainy,bharat benz,Maruti Suzuki Super Carry,18 kmpl,0
4711,all,ashok leyland,Maruti Suzuki Eeco Cargo,19.71 kmpl,0
2939,all,tata,Ashok Leyland Dost Strong,19.71 kmpl,0
8627,desert,ashok leyland,Maruti Suzuki Eeco Cargo,21.2 kmpl,1
5978,rainy,eicher motors,Maruti Suzuki Super Carry,21.2 kmpl,0
9187,humid,bharat benz,Mahindra Supro Profit Truck (Mini),19.6 kmpl,0
6403,desert,mahindra,Maruti Suzuki Super Carry,21.2 kmpl,1
951,rainy,eicher motors,Mahindra Jeeto Plus,21.2 kmpl,1
1787,rainy,bharat benz,Mahindra Jeeto Plus,19.71 kmpl,0
6933,desert,ashok leyland,Ashok Leyland Dost Strong,19.6 kmpl,0
2527,all,eicher motors,Maruti Suzuki Super Carry,21.2 kmpl,1
9860,rainy,bharat benz,Ashok Leyland Dost Strong,21.2 kmpl,0
4100,all,tata,Ashok Leyland Dost Strong,19.6 kmpl,0
5152,desert,tata,Mahindra Jeeto Plus,18 kmpl,0
2838,all,mahindra,Ashok Leyland Dost Strong,19.6 kmpl,1
5832,hilly,bharat benz,Mahindra Jeeto Plus,19.71 kmpl,0
5487,humid,tata,Mahindra Supro Profit Truck (Mini),18 kmpl,1
8102,rainy,ashok leyland,Maruti Suzuki Super Carry,22 kmpl,0
5636,humid,bharat benz,Ashok Leyland Dost Strong,19.6 kmpl,0
4013,all,ashok leyland,Mahindra Jeeto Plus,19.71 kmpl,0
1166,rainy,ashok leyland,Maruti Suzuki Eeco Cargo,18 kmpl,0
7823,all,tata,Ashok Leyland Dost Strong,19.6 kmpl,1
4480,hilly,bharat benz,Mahindra Supro Profit Truck (Mini),21.2 kmpl,1
4207,desert,eicher motors,Mahindra Supro Profit Truck (Mini),19.6 kmpl,0
5826,rainy,tata,Maruti Suzuki Eeco Cargo,22 kmpl,0
3473,hilly,tata,Mahindra Jeeto Plus,19.6 kmpl,0
9045,hilly,bharat benz,Ashok Leyland Dost Strong,18 kmpl,0
2182,rainy,bharat benz,Mahindra Jeeto Plus,18 kmpl,0
9067,all,ashok leyland,Mahindra Supro Profit Truck (Mini),19.6 kmpl,0
6848,hilly,bharat benz,Mahindra Jeeto Plus,18 kmpl,0
9917,humid,ashok leyland,Mahindra Supro Profit Truck (Mini),21.2 kmpl,1
517,hilly,tata,Mahindra Jeeto Plus,19.6 kmpl,1
8406,all,mahindra,Maruti Suzuki Eeco Cargo,21.2 kmpl,0
8908,all,eicher motors,Maruti Suzuki Super Carry,21.2 kmpl,1
4074,humid,tata,Maruti Suzuki Eeco Cargo,19.71 kmpl,0
3367,hilly,bharat benz,Maruti Suzuki Eeco Cargo,19.6 kmpl,0
925,all,eicher motors,Maruti Suzuki Super Carry,18 kmpl,0
7768,rainy,mahindra,Maruti Suzuki Super Carry,21.2 kmpl,0
5845,desert,mahindra,Ashok Leyland Dost Strong,19.71 kmpl,0
9808,desert,ashok leyland,Ashok Leyland Dost Strong,19.6 kmpl,0
512,desert,eicher motors,Maruti Suzuki Eeco Cargo,19.6 kmpl,1
7643,hilly,ashok leyland,Maruti Suzuki Eeco Cargo,22 kmpl,1
7687,humid,tata,Mahindra Supro Profit Truck (Mini),22 kmpl,0
828,all,eicher motors,Mahindra Supro Profit Truck (Mini),21.2 kmpl,1
7264,rainy,tata,Ashok Leyland Dost Strong,22 kmpl,0
8967,rainy,ashok leyland,Ashok Leyland Dost Strong,21.2 kmpl,0
6088,hilly,eicher motors,Mahindra Supro Profit Truck (Mini),18 kmpl,0
2604,desert,ashok leyland,Mahindra Supro Profit Truck (Mini),21.2 kmpl,0
3067,hilly,eicher motors,Mahindra Jeeto Plus,22 kmpl,0
2886,humid,ashok leyland,Mahindra Jeeto Plus,18 kmpl,0
1222,humid,mahindra,Mahindra Supro Profit Truck (Mini),22 kmpl,0
4179,all,ashok leyland,Mahindra Jeeto Plus,21.2 kmpl,1
1671,all,mahindra,Maruti Suzuki Super Carry,19.71 kmpl,0
5173,humid,ashok leyland,Ashok Leyland Dost Strong,19.6 kmpl,0
5204,humid,eicher motors,Ashok Leyland Dost Strong,22 kmpl,0
2243,humid,eicher motors,Mahindra Supro Profit Truck (Mini),21.2 kmpl,0
9979,hilly,eicher motors,Maruti Suzuki Eeco Cargo,18 kmpl,0
6906,humid,bharat benz,Mahindra Supro Profit Truck (Mini),22 kmpl,1
7457,rainy,tata,Mahindra Jeeto Plus,22 kmpl,0
3540,desert,eicher motors,Maruti Suzuki Eeco Cargo,19.6 kmpl,0
3866,humid,mahindra,Mahindra Jeeto Plus,21.2 kmpl,0
5744,desert,eicher motors,Maruti Suzuki Super Carry,19.71 kmpl,0
3014,hilly,bharat benz,Mahindra Jeeto Plus,18 kmpl,0
5068,desert,mahindra,Maruti Suzuki Super Carry,21.2 kmpl,0
6017,hilly,bharat benz,Maruti Suzuki Super Carry,18 kmpl,1
8887,rainy,mahindra,Mahindra Jeeto Plus,22 kmpl,0
828,hilly,ashok leyland,Mahindra Jeeto Plus,19.6 kmpl,0
1465,hilly,tata,Maruti Suzuki Super Carry,19.6 kmpl,0
4592,all,tata,Maruti Suzuki Eeco Cargo,19.71 kmpl,0
798,humid,bharat benz,Maruti Suzuki Super Carry,19.6 kmpl,0
7286,humid,tata,Ashok Leyland Dost Strong,22 kmpl,1
495,rainy,bharat benz,Maruti Suzuki Super Carry,19.71 kmpl,0
7500,rainy,bharat benz,Maruti Suzuki Eeco Cargo,21.2 kmpl,0
8182,humid,bharat benz,Ashok Leyland Dost Strong,19.6 kmpl,0
4271,all,tata,Mahindra Supro Profit Truck (Mini),19.71 kmpl,0
4460,humid,bharat benz,Mahindra Supro Profit Truck (Mini),22 kmpl,0
2602,all,tata,Maruti Suzuki Eeco Cargo,18 kmpl,0
817,rainy,bharat benz,Maruti Suzuki Super Carry,18 kmpl,0
2882,desert,eicher motors,Mahindra Jeeto Plus,22 kmpl,0
5046,rainy,bharat benz,Maruti Suzuki Eeco Cargo,22 kmpl,1
5586,rainy,mahindra,Ashok Leyland Dost Strong,18 kmpl,0
8435,hilly,bharat benz,Ashok Leyland Dost Strong,19.71 kmpl,0
5080,hilly,ashok leyland,Mahindra Supro Profit Truck (Mini),18 kmpl,0
7366,hilly,bharat benz,Ashok Leyland Dost Strong,22 kmpl,0
4591,hilly,mahindra,Maruti Suzuki Eeco Cargo,19.6 kmpl,0
7292,all,mahindra,Ashok Leyland Dost Strong,21.2 kmpl,0
5688,humid,tata,Maruti Suzuki Eeco Cargo,19.6 kmpl,0
7751,desert,eicher motors,Mahindra Jeeto Plus,19.6 kmpl,0
3736,rainy,bharat benz,Mahindra Supro Profit Truck (Mini),22 kmpl,0
1267,all,tata,Ashok Leyland Dost Strong,18 kmpl,0
1162,desert,eicher motors,Maruti Suzuki Eeco Cargo,19.71 kmpl,1
2256,all,bharat benz,Maruti Suzuki Super Carry,19.6 kmpl,0
7960,all,ashok leyland,Mahindra Supro Profit Truck (Mini),18 kmpl,0
5261,rainy,bharat benz,Mahindra Jeeto Plus,19.71 kmpl,0
5405,humid,mahindra,Maruti Suzuki Eeco Cargo,19.6 kmpl,0
6641,hilly,mahindra,Mahindra Jeeto Plus,19.71 kmpl,0
4829,humid,ashok leyland,Mahindra Jeeto Plus,18 kmpl,0
9448,rainy,tata,Ashok Leyland Dost Strong,21.2 kmpl,1
7430,rainy,eicher motors,Ashok Leyland Dost Strong,18 kmpl,0
5434,rainy,bharat benz,Maruti Suzuki Eeco Cargo,22 kmpl,0
9024,desert,mahindra,Maruti Suzuki Super Carry,19.71 kmpl,0
4430,humid,tata,Maruti Suzuki Eeco Cargo,21.2 kmpl,0
8110,humid,ashok leyland,Maruti Suzuki Super Carry,19.71 kmpl,0
6901,all,mahindra,Mahindra Jeeto Plus,19.71 kmpl,1
4946,all,ashok leyland,Mahindra Supro Profit Truck (Mini),19.6 kmpl,0
6831,all,bharat benz,Maruti Suzuki Eeco Cargo,22 kmpl,1
7341,rainy,eicher motors,Maruti Suzuki Eeco Cargo,19.71 kmpl,1
1053,humid,mahindra,Maruti Suzuki Super Carry,18 kmpl,1
2639,rainy,mahindra,Mahindra Jeeto Plus,18 kmpl,0
7156,desert,bharat benz,Mahindra Jeeto Plus,19.6 kmpl,0
1642,all,tata,Maruti Suzuki Super Carry,22 kmpl,0
5393,rainy,eicher motors,Mahindra Jeeto Plus,22 kmpl,0
1291,rainy,mahindra,Ashok Leyland Dost Strong,18 kmpl,0
6413,desert,eicher motors,Mahindra Supro Profit Truck (Mini),21.2 kmpl,1
7038,hilly,mahindra,Maruti Suzuki Eeco Cargo,19.6 kmpl,0
2781,humid,eicher motors,Mahindra Supro Profit Truck (Mini),19.6 kmpl,0
9509,hilly,ashok leyland,Maruti Suzuki Eeco Cargo,18 kmpl,0
1640,all,mahindra,Ashok Leyland Dost Strong,18 kmpl,0
6272,rainy,eicher motors,Mahindra Jeeto Plus,21.2 kmpl,0
5641,desert,tata,Maruti Suzuki Super Carry,21.2 kmpl,1
9680,desert,ashok leyland,Ashok Leyland Dost Strong,22 kmpl,0
1465,humid,ashok leyland,Mahindra Supro Profit Truck (Mini),19.6 kmpl,1
8791,hilly,tata,Maruti Suzuki Super Carry,19.6 kmpl,1
9972,humid,eicher motors,Mahindra Jeeto Plus,18 kmpl,1
8802,rainy,bharat benz,Ashok Leyland Dost Strong,22 kmpl,0
7594,humid,tata,Maruti Suzuki Super Carry,19.6 kmpl,1
4412,desert,eicher motors,Ashok Leyland Dost Strong,22 kmpl,0
1424,desert,tata,Ashok Leyland Dost Strong,22 kmpl,0
9447,all,tata,Mahindra Jeeto Plus,18 kmpl,0
3241,all,mahindra,Maruti Suzuki Eeco Cargo,22 kmpl,0
7519,rainy,eicher motors,Maruti Suzuki Super Carry,21.2 kmpl,0
3586,hilly,bharat benz,Mahindra Jeeto Plus,21.2 kmpl,0
1910,humid,mahindra,Ashok Leyland Dost Strong,19.71 kmpl,0
6688,rainy,tata,Mahindra Jeeto Plus,18 kmpl,1
3023,all,tata,Maruti Suzuki Eeco Cargo,19.71 kmpl,0
5401,humid,tata,Maruti Suzuki Super Carry,21.2 kmpl,0
4286,all,eicher motors,Maruti Suzuki Eeco Cargo,19.71 kmpl,0
9005,humid,eicher motors,Mahindra Supro Profit Truck (Mini),18 kmpl,0
6077,hilly,mahindra,Maruti Suzuki Super Carry,18 kmpl,1
4368,rainy,bharat benz,Maruti Suzuki Eeco Cargo,22 kmpl,0
4848,humid,mahindra,Ashok Leyland Dost Strong,19.6 kmpl,0
4949,desert,ashok leyland,Maruti Suzuki Super Carry,22 kmpl,0
9535,desert,tata,Maruti Suzuki Super Carry,18 kmpl,1
3809,humid,tata,Mahindra Jeeto Plus,21.2 kmpl,0
9373,humid,tata,Ashok Leyland Dost Strong,21.2 kmpl,1
6719,humid,mahindra,Mahindra Supro Profit Truck (Mini),22 kmpl,0
8747,desert,mahindra,Maruti Suzuki Eeco Cargo,18 kmpl,0
9186,desert,tata,Mahindra Jeeto Plus,21.2 kmpl,0
9676,humid,mahindra,Maruti Suzuki Eeco Cargo,18 kmpl,1
3172,all,eicher motors,Mahindra Supro Profit Truck (Mini),21.2 kmpl,0
6630,all,eicher motors,Mahindra Supro Profit Truck (Mini),18 kmpl,0
604,hilly,mahindra,Maruti Suzuki Super Carry,19.71 kmpl,0
1314,rainy,tata,Mahindra Supro Profit Truck (Mini),18 kmpl,0
1631,all,mahindra,Maruti Suzuki Eeco Cargo,18 kmpl,0
7676,desert,mahindra,Ashok Leyland Dost Strong,22 kmpl,1
923,all,mahindra,Ashok Leyland Dost Strong,19.71 kmpl,0
1028,hilly,ashok leyland,Maruti Suzuki Super Carry,19.6 kmpl,0
5129,hilly,eicher motors,Maruti Suzuki Eeco Cargo,22 kmpl,1
233,rainy,bharat benz,Maruti Suzuki Eeco Cargo,19.6 kmpl,0
2205,all,bharat benz,Mahindra Supro Profit Truck (Mini),21.2 kmpl,0
3727,desert,ashok leyland,Maruti Suzuki Eeco Cargo,19.6 kmpl,0
6416,desert,mahindra,Mahindra Jeeto Plus,18 kmpl,0
1952,humid,ashok leyland,Mahindra Supro Profit Truck (Mini),19.6 kmpl,0
5010,desert,ashok leyland,Mahindra Jeeto Plus,22 kmpl,0
4275,rainy,tata,Maruti Suzuki Super Carry,22 kmpl,0
5448,rainy,eicher motors,Ashok Leyland Dost Strong,19.6 kmpl,0
9542,desert,bharat benz,Maruti Suzuki Super Carry,22 kmpl,1
6290,desert,mahindra,Ashok Leyland Dost Strong,22 kmpl,1
1356,humid,bharat benz,Maruti Suzuki Super Carry,19.6 kmpl,1
3476,desert,bharat benz,Maruti Suzuki Eeco Cargo,19.71 kmpl,1
5745,humid,eicher motors,Mahindra Jeeto Plus,19.71 kmpl,0
3586,humid,bharat benz,Ashok Leyland Dost Strong,21.2 kmpl,1
3684,desert,bharat benz,Mahindra Supro Profit Truck (Mini),22 kmpl,0
9688,hilly,ashok leyland,Mahindra Jeeto Plus,19.6 kmpl,0
8153,hilly,eicher motors,Mahindra Supro Profit Truck (Mini),22 kmpl,0
3430,humid,tata,Mahindra Jeeto Plus,18 kmpl,0
2803,desert,mahindra,Mahindra Jeeto Plus,22 kmpl,1
8762,hilly,bharat benz,Maruti Suzuki Super Carry,22 kmpl,1
8220,desert,mahindra,Ashok Leyland Dost Strong,19.71 kmpl,0
7214,desert,tata,Ashok Leyland Dost Strong,19.6 kmpl,1
1453,desert,mahindra,Mahindra Jeeto Plus,22 kmpl,0
5163,all,tata,Maruti Suzuki Eeco Cargo,19.71 kmpl,0
8649,desert,ashok leyland,Maruti Suzuki Eeco Cargo,21.2 kmpl,0
7675,all,bharat benz,Mahindra Supro Profit Truck (Mini),19.71 kmpl,0
767,humid,tata,Mahindra Supro Profit Truck (Mini),19.71 kmpl,1
4568,hilly,mahindra,Maruti Suzuki Super Carry,19.71 kmpl,1
9437,hilly,bharat benz,Mahindra Jeeto Plus,22 kmpl,1
6919,hilly,ashok leyland,Mahindra Supro Profit Truck (Mini),22 kmpl,0
3819,hilly,bharat benz,Mahindra Supro Profit Truck (Mini),21.2 kmpl,1
2845,hilly,tata,Mahindra Jeeto Plus,18 kmpl,0
7583,hilly,ashok leyland,Maruti Suzuki Super Carry,18 kmpl,1
639,hilly,mahindra,Mahindra Supro Profit Truck (Mini),18 kmpl,0
5064,humid,ashok leyland,Maruti Suzuki Super Carry,21.2 kmpl,0
4935,desert,ashok leyland,Ashok Leyland Dost Strong,18 kmpl,0
3875,rainy,eicher motors,Maruti Suzuki Super Carry,18 kmpl,0
6142,all,ashok leyland,Maruti Suzuki Eeco Cargo,19.71 kmpl,0
7202,rainy,ashok leyland,Maruti Suzuki Eeco Cargo,22 kmpl,0
7412,rainy,bharat benz,Maruti Suzuki Super Carry,22 kmpl,0
5420,desert,mahindra,Maruti Suzuki Eeco Cargo,19.71 kmpl,0
6232,desert,bharat benz,Ashok Leyland Dost Strong,19.71 kmpl,0
7991,desert,bharat benz,Mahindra Jeeto Plus,19.71 kmpl,0
2879,hilly,tata,Maruti Suzuki Eeco Cargo,22 kmpl,0
1024,humid,bharat benz,Maruti Suzuki Eeco Cargo,18 kmpl,0
1681,hilly,eicher motors,Maruti Suzuki Super Carry,19.71 kmpl,0
7814,humid,eicher motors,Ashok Leyland Dost Strong,21.2 kmpl,1
3424,humid,tata,Mahindra Jeeto Plus,19.71 kmpl,1
5813,rainy,mahindra,Maruti Suzuki Super Carry,19.6 kmpl,0
7126,rainy,mahindra,Maruti Suzuki Super Carry,19.71 kmpl,1
355,humid,bharat benz,Ashok Leyland Dost Strong,22 kmpl,1
4904,humid,bharat benz,Mahindra Jeeto Plus,19.71 kmpl,1
1938,hilly,bharat benz,Ashok Leyland Dost Strong,19.6 kmpl,0
109,hilly,mahindra,Mahindra Jeeto Plus,21.2 kmpl,0
2971,rainy,ashok leyland,Ashok Leyland Dost Strong,18 kmpl,0
9089,desert,eicher motors,Maruti Suzuki Super Carry,19.71 kmpl,0
7509,humid,ashok leyland,Maruti Suzuki Super Carry,19.6 kmpl,0
7518,hilly,ashok leyland,Mahindra Supro Profit Truck (Mini),19.6 kmpl,0
5224,rainy,mahindra,Maruti Suzuki Eeco Cargo,21.2 kmpl,1
1115,hilly,ashok leyland,Ashok Leyland Dost Strong,22 kmpl,1
2293,humid,tata,Mahindra Supro Profit Truck (Mini),19.71 kmpl,0
8515,humid,bharat benz,Maruti Suzuki Eeco Cargo,19.6 kmpl,0
7549,all,tata,Ashok Leyland Dost Strong,21.2 kmpl,0
4258,desert,eicher motors,Mahindra Jeeto Plus,18 kmpl,1
4025,all,bharat benz,Maruti Suzuki Eeco Cargo,19.6 kmpl,0
7070,rainy,ashok leyland,Maruti Suzuki Super Carry,21.2 kmpl,0
7038,hilly,eicher motors,Mahindra Supro Profit Truck (Mini),22 kmpl,0
4884,rainy,bharat benz,Maruti Suzuki Eeco Cargo,22 kmpl,0
4100,humid,ashok leyland,Maruti Suzuki Eeco Cargo,19.6 kmpl,0
1733,all,tata,Maruti Suzuki Super Carry,19.6 kmpl,0
7366,all,bharat benz,Ashok Leyland Dost Strong,19.71 kmpl,1
8802,all,ashok leyland,Mahindra Jeeto Plus,21.2 kmpl,1
484,rainy,tata,Maruti Suzuki Super Carry,19.6 kmpl,1
504,humid,eicher motors,Mahindra Jeeto Plus,19.71 kmpl,1
8275,hilly,eicher motors,Ashok Leyland Dost Strong,19.71 kmpl,0
2100,hilly,eicher motors,Maruti Suzuki Eeco Cargo,19.6 kmpl,0
9960,rainy,eicher motors,Mahindra Jeeto Plus,22 kmpl,1
6089,all,mahindra,Mahindra Supro Profit Truck (Mini),21.2 kmpl,1
1560,desert,bharat benz,Mahindra Supro Profit Truck (Mini),21.2 kmpl,0
7290,rainy,bharat benz,Maruti Suzuki Super Carry,22 kmpl,0
7240,rainy,mahindra,Ashok Leyland Dost Strong,19.6 kmpl,0
3736,humid,ashok leyland,Maruti Suzuki Super Carry,21.2 kmpl,0
4909,hilly,ashok leyland,Maruti Suzuki Super Carry,19.6 kmpl,0
4278,rainy,eicher motors,Maruti Suzuki Super Carry,19.6 kmpl,0
7345,rainy,tata,Mahindra Supro Profit Truck (Mini),19.71 kmpl,0
6700,all,ashok leyland,Mahindra Supro Profit Truck (Mini),22 kmpl,0
6097,all,tata,Maruti Suzuki Super Carry,19.6 kmpl,1
2148,desert,bharat benz,Mahindra Supro Profit Truck (Mini),18 kmpl,0
4880,humid,tata,Ashok Leyland Dost Strong,22 kmpl,0
816,desert,bharat benz,Maruti Suzuki Super Carry,21.2 kmpl,0
8039,all,mahindra,Mahindra Supro Profit Truck (Mini),19.71 kmpl,1
5665,hilly,mahindra,Mahindra Jeeto Plus,21.2 kmpl,0
4644,all,eicher motors,Maruti Suzuki Super Carry,21.2 kmpl,1
5076,humid,ashok leyland,Maruti Suzuki Super Carry,22 kmpl,0
3519,all,eicher motors,Ashok Leyland Dost Strong,21.2 kmpl,1
7339,humid,bharat benz,Maruti Suzuki Eeco Cargo,19.6 kmpl,1
9866,humid,eicher motors,Maruti Suzuki Eeco Cargo,21.2 kmpl,0
349,humid,tata,Ashok Leyland Dost Strong,19.71 kmpl,0
8965,humid,bharat benz,Ashok Leyland Dost Strong,19.71 kmpl,0
870,humid,mahindra,Ashok Leyland Dost Strong,18 kmpl,0
4463,hilly,ashok leyland,Maruti Suzuki Eeco Cargo,19.71 kmpl,0
1177,desert,bharat benz,Ashok Leyland Dost Strong,21.2 kmpl,0
8527,rainy,bharat benz,Mahindra Supro Profit Truck (Mini),19.71 kmpl,0
8680,desert,tata,Maruti Suzuki Super Carry,22 kmpl,0
8001,humid,ashok leyland,Maruti Suzuki Super Carry,19.71 kmpl,0
4958,hilly,mahindra,Mahindra Jeeto Plus,19.6 kmpl,0
6644,all,bharat benz,Mahindra Jeeto Plus,22 kmpl,0
4819,hilly,bharat benz,Maruti Suzuki Super Carry,18 kmpl,0
2914,humid,tata,Mahindra Supro Profit Truck (Mini),19.6 kmpl,0
3474,hilly,eicher motors,Maruti Suzuki Eeco Cargo,21.2 kmpl,0
1352,hilly,mahindra,Maruti Suzuki Eeco Cargo,21.2 kmpl,1
7096,humid,ashok leyland,Mahindra Supro Profit Truck (Mini),21.2 kmpl,0
4773,hilly,bharat benz,Maruti Suzuki Eeco Cargo,19.6 kmpl,0
4630,rainy,bharat benz,Ashok Leyland Dost Strong,19.6 kmpl,0
6981,rainy,mahindra,Maruti Suzuki Super Carry,19.6 kmpl,1
7049,hilly,eicher motors,Maruti Suzuki Super Carry,22 kmpl,1
9621,all,bharat benz,Mahindra Supro Profit Truck (Mini),22 kmpl,1
6341,humid,mahindra,Maruti Suzuki Eeco Cargo,21.2 kmpl,0
8117,rainy,tata,Mahindra Jeeto Plus,19.71 kmpl,0
7041,all,eicher motors,Mahindra Jeeto Plus,21.2 kmpl,0
9650,hilly,ashok leyland,Maruti Suzuki Eeco Cargo,18 kmpl,0
7102,all,bharat benz,Mahindra Jeeto Plus,22 kmpl,1
1431,desert,mahindra,Mahindra Supro Profit Truck (Mini),19.6 kmpl,0
4361,rainy,tata,Mahindra Supro Profit Truck (Mini),22 kmpl,1
7748,hilly,ashok leyland,Maruti Suzuki Eeco Cargo,19.6 kmpl,0
9650,humid,mahindra,Mahindra Jeeto Plus,18 kmpl,1
5215,hilly,mahindra,Mahindra Supro Profit Truck (Mini),18 kmpl,0
4737,humid,ashok leyland,Mahindra Supro Profit Truck (Mini),22 kmpl,0
4954,hilly,tata,Ashok Leyland Dost Strong,19.6 kmpl,0
3277,all,tata,Ashok Leyland Dost Strong,18 kmpl,0
7830,all,eicher motors,Mahindra Supro Profit Truck (Mini),21.2 kmpl,0
2280,all,bharat benz,Maruti Suzuki Eeco Cargo,21.2 kmpl,1
4992,desert,ashok leyland,Maruti Suzuki Super Carry,19.6 kmpl,0
7143,humid,ashok leyland,Maruti Suzuki Super Carry,22 kmpl,0
237,all,ashok leyland,Mahindra Supro Profit Truck (Mini),18 kmpl,0
6427,desert,tata,Mahindra Supro Profit Truck (Mini),22 kmpl,0
3572,humid,bharat benz,Mahindra Supro Profit Truck (Mini),21.2 kmpl,1
5549,hilly,eicher motors,Maruti Suzuki Eeco Cargo,18 kmpl,1
2932,desert,mahindra,Ashok Leyland Dost Strong,22 kmpl,1
3679,rainy,mahindra,Mahindra Supro Profit Truck (Mini),19.71 kmpl,1
6071,desert,ashok leyland,Mahindra Supro Profit Truck (Mini),19.6 kmpl,1
4264,desert,bharat benz,Mahindra Jeeto Plus,19.6 kmpl,0
8041,humid,tata,Maruti Suzuki Eeco Cargo,19.71 kmpl,1
5669,hilly,bharat benz,Mahindra Supro Profit Truck (Mini),21.2 kmpl,0
4400,rainy,bharat benz,Mahindra Jeeto Plus,18 kmpl,0
6369,all,tata,Maruti Suzuki Super Carry,19.6 kmpl,0
3918,all,ashok leyland,Mahindra Supro Profit Truck (Mini),19.71 kmpl,1
2006,desert,bharat benz,Mahindra Supro Profit Truck (Mini),19.71 kmpl,1
6354,humid,mahindra,Mahindra Jeeto Plus,21.2 kmpl,0
860,humid,tata,Maruti Suzuki Eeco Cargo,21.2 kmpl,1
7930,all,eicher motors,Mahindra Supro Profit Truck (Mini),22 kmpl,1
7450,rainy,ashok leyland,Maruti Suzuki Super Carry,19.6 kmpl,0
6338,hilly,tata,Mahindra Supro Profit Truck (Mini),22 kmpl,0
6190,rainy,eicher motors,Maruti Suzuki Super Carry,19.71 kmpl,1
6131,hilly,eicher motors,Ashok Leyland Dost Strong,18 kmpl,0
7787,all,bharat benz,Ashok Leyland Dost Strong,18 kmpl,0
9191,hilly,bharat benz,Maruti Suzuki Super Carry,21.2 kmpl,0
8572,humid,bharat benz,Maruti Suzuki Eeco Cargo,18 kmpl,0
1987,desert,tata,Mahindra Supro Profit Truck (Mini),18 kmpl,1
3366,desert,tata,Mahindra Supro Profit Truck (Mini),18 kmpl,0
766,all,ashok leyland,Ashok Leyland Dost Strong,19.71 kmpl,1
4288,humid,bharat benz,Maruti Suzuki Super Carry,18 kmpl,1
771,rainy,eicher motors,Mahindra Supro Profit Truck (Mini),18 kmpl,1
6877,humid,mahindra,Mahindra Supro Profit Truck (Mini),18 kmpl,0
7670,desert,ashok leyland,Maruti Suzuki Eeco Cargo,22 kmpl,0
8056,desert,tata,Mahindra Jeeto Plus,19.71 kmpl,0
5224,humid,ashok leyland,Ashok Leyland Dost Strong,21.2 kmpl,0
5685,humid,ashok leyland,Ashok Leyland Dost Strong,22 kmpl,1
4877,desert,ashok leyland,Mahindra Jeeto Plus,19.6 kmpl,0
4000,rainy,ashok leyland,Mahindra Supro Profit Truck (Mini),19.71 kmpl,0
6777,all,mahindra,Maruti Suzuki Eeco Cargo,19.71 kmpl,0
7081,all,bharat benz,Maruti Suzuki Eeco Cargo,19.6 kmpl,1
6476,humid,eicher motors,Ashok Leyland Dost Strong,19.6 kmpl,1
623,all,ashok leyland,Maruti Suzuki Eeco Cargo,19.6 kmpl,0
2493,desert,ashok leyland,Mahindra Jeeto Plus,21.2 kmpl,1
2693,desert,ashok leyland,Mahindra Supro Profit Truck (Mini),18 kmpl,0
7340,humid,bharat benz,Mahindra Jeeto Plus,19.71 kmpl,0
7037,humid,tata,Maruti Suzuki Super Carry,18 kmpl,1
6290,humid,tata,Ashok Leyland Dost Strong,18 kmpl,0
5340,rainy,mahindra,Maruti Suzuki Eeco Cargo,19.6 kmpl,1
6593,all,tata,Maruti Suzuki Super Carry,21.2 kmpl,0
2978,humid,ashok leyland,Maruti Suzuki Eeco Cargo,22 kmpl,0
4243,hilly,ashok leyland,Mahindra Supro Profit Truck (Mini),21.2 kmpl,1
3744,hilly,ashok leyland,Mahindra Supro Profit Truck (Mini),18 kmpl,0
4532,desert,mahindra,Mahindra Supro Profit Truck (Mini),21.2 kmpl,1
1376,all,ashok leyland,Maruti Suzuki Eeco Cargo,19.6 kmpl,1
5911,humid,tata,Maruti Suzuki Super Carry,22 kmpl,0
402,hilly,bharat benz,Mahindra Supro Profit Truck (Mini),19.6 kmpl,0
738,all,bharat benz,Maruti Suzuki Super Carry,22 kmpl,0
155,desert,eicher motors,Maruti Suzuki Eeco Cargo,18 kmpl,0
8817,rainy,tata,Maruti Suzuki Super Carry,22 kmpl,0
8250,all,ashok leyland,Maruti Suzuki Eeco Cargo,22 kmpl,0
2225,all,bharat benz,Maruti Suzuki Eeco Cargo,22 kmpl,0
464,rainy,tata,Ashok Leyland Dost Strong,21.2 kmpl,0
6909,all,bharat benz,Maruti Suzuki Eeco Cargo,21.2 kmpl,1
4721,desert,ashok leyland,Maruti Suzuki Eeco Cargo,18 kmpl,1
5226,desert,bharat benz,Mahindra Jeeto Plus,22 kmpl,1
5222,rainy,eicher motors,Mahindra Supro Profit Truck (Mini),19.71 kmpl,0
1746,humid,eicher motors,Ashok Leyland Dost Strong,18 kmpl,1
1018,hilly,bharat benz,Ashok Leyland Dost Strong,22 kmpl,0
2897,humid,tata,Ashok Leyland Dost Strong,22 kmpl,1
6606,all,tata,Mahindra Jeeto Plus,21.2 kmpl,1
5970,hilly,tata,Maruti Suzuki Eeco Cargo,18 kmpl,0
1631,rainy,bharat benz,Mahindra Supro Profit Truck (Mini),22 kmpl,0
8272,rainy,tata,Maruti Suzuki Super Carry,22 kmpl,1
3445,hilly,ashok leyland,Maruti Suzuki Eeco Cargo,18 kmpl,1
7773,desert,eicher motors,Mahindra Jeeto Plus,19.71 kmpl,1
7049,hilly,ashok leyland,Maruti Suzuki Eeco Cargo,18 kmpl,0
6982,all,tata,Maruti Suzuki Eeco Cargo,18 kmpl,0
2006,desert,ashok leyland,Mahindra Jeeto Plus,19.71 kmpl,0
3186,rainy,tata,Ashok Leyland Dost Strong,18 kmpl,1
8252,hilly,bharat benz,Ashok Leyland Dost Strong,22 kmpl,0
5850,humid,ashok leyland,Mahindra Supro Profit Truck (Mini),18 kmpl,1
9005,humid,bharat benz,Mahindra Supro Profit Truck (Mini),19.71 kmpl,0
1162,all,bharat benz,Ashok Leyland Dost Strong,19.6 kmpl,0
2076,humid,mahindra,Maruti Suzuki Super Carry,18 kmpl,0
1396,hilly,tata,Maruti Suzuki Eeco Cargo,21.2 kmpl,1
6329,hilly,eicher motors,Maruti Suzuki Super Carry,22 kmpl,0
7741,humid,tata,Maruti Suzuki Eeco Cargo,22 kmpl,0
225,hilly,eicher motors,Ashok Leyland Dost Strong,21.2 kmpl,0
4732,all,tata,Mahindra Supro Profit Truck (Mini),21.2 kmpl,0
6388,desert,bharat benz,Mahindra Supro Profit Truck (Mini),18 kmpl,0
3696,all,ashok leyland,Maruti Suzuki Super Carry,21.2 kmpl,1
6268,all,ashok leyland,Mahindra Supro Profit Truck (Mini),19.6 kmpl,0
9895,hilly,mahindra,Ashok Leyland Dost Strong,19.71 kmpl,0
7661,desert,eicher motors,Maruti Suzuki Super Carry,21.2 kmpl,1
8358,hilly,eicher motors,Maruti Suzuki Eeco Cargo,21.2 kmpl,1
332,rainy,eicher motors,Mahindra Supro Profit Truck (Mini),19.6 kmpl,0
9461,hilly,bharat benz,Mahindra Jeeto Plus,22 kmpl,0
6471,hilly,eicher motors,Mahindra Supro Profit Truck (Mini),22 kmpl,1
4306,hilly,ashok leyland,Maruti Suzuki Eeco Cargo,18 kmpl,1
9785,desert,bharat benz,Maruti Suzuki Super Carry,19.6 kmpl,1
8043,hilly,tata,Maruti Suzuki Eeco Cargo,19.71 kmpl,0
6991,desert,eicher motors,Mahindra Jeeto Plus,19.71 kmpl,0
6838,humid,eicher motors,Ashok Leyland Dost Strong,19.6 kmpl,1
2572,rainy,tata,Mahindra Supro Profit Truck (Mini),19.71 kmpl,0
2839,desert,eicher motors,Maruti Suzuki Super Carry,22 kmpl,0
5501,humid,tata,Ashok Leyland Dost Strong,19.71 kmpl,1
1861,desert,bharat benz,Maruti Suzuki Eeco Cargo,19.71 kmpl,0
976,desert,ashok leyland,Maruti Suzuki Super Carry,19.6 kmpl,0
3912,rainy,tata,Ashok Leyland Dost Strong,19.6 kmpl,0
9604,all,mahindra,Maruti Suzuki Super Carry,19.71 kmpl,0
1560,all,tata,Mahindra Jeeto Plus,21.2 kmpl,0
1833,desert,eicher motors,Mahindra Jeeto Plus,19.6 kmpl,1
1705,hilly,bharat benz,Mahindra Supro Profit Truck (Mini),18 kmpl,0
5722,humid,bharat benz,Mahindra Supro Profit Truck (Mini),18 kmpl,0
6867,hilly,tata,Mahindra Jeeto Plus,22 kmpl,1
7086,hilly,ashok leyland,Maruti Suzuki Super Carry,19.71 kmpl,0
3617,desert,mahindra,Mahindra Jeeto Plus,21.2 kmpl,0
3835,desert,bharat benz,Mahindra Supro Profit Truck (Mini),22 kmpl,1
9452,desert,eicher motors,Mahindra Jeeto Plus,19.71 kmpl,1
8534,desert,eicher motors,Mahindra Jeeto Plus,19.6 kmpl,0
2690,all,ashok leyland,Maruti Suzuki Super Carry,18 kmpl,1
1163,desert,bharat benz,Ashok Leyland Dost Strong,21.2 kmpl,0
4424,all,tata,Mahindra Supro Profit Truck (Mini),18 kmpl,1
9211,all,eicher motors,Maruti Suzuki Super Carry,19.6 kmpl,0
5442,desert,ashok leyland,Mahindra Jeeto Plus,19.71 kmpl,1
105,rainy,bharat benz,Mahindra Jeeto Plus,19.6 kmpl,0
7589,humid,bharat benz,Ashok Leyland Dost Strong,19.6 kmpl,0
8759,hilly,bharat benz,Mahindra Supro Profit Truck (Mini),18 kmpl,0
8295,all,bharat benz,Mahindra Supro Profit Truck (Mini),21.2 kmpl,0
6066,humid,bharat benz,Maruti Suzuki Eeco Cargo,19.6 kmpl,1
8937,rainy,eicher motors,Mahindra Supro Profit Truck (Mini),18 kmpl,0
217,hilly,ashok leyland,Ashok Leyland Dost Strong,21.2 kmpl,0
2651,hilly,bharat benz,Maruti Suzuki Eeco Cargo,19.71 kmpl,0
5660,all,mahindra,Maruti Suzuki Eeco Cargo,19.71 kmpl,0
4389,desert,mahindra,Mahindra Jeeto Plus,22 kmpl,1
946,rainy,ashok leyland,Mahindra Jeeto Plus,18 kmpl,1
6416,all,tata,Mahindra Supro Profit Truck (Mini),21.2 kmpl,0
6569,rainy,tata,Maruti Suzuki Eeco Cargo,19.6 kmpl,1
9433,desert,tata,Mahindra Jeeto Plus,19.71 kmpl,1
9015,desert,mahindra,Ashok Leyland Dost Strong,21.2 kmpl,0
324,all,tata,Mahindra Jeeto Plus,18 kmpl,0
4308,desert,eicher motors,Mahindra Jeeto Plus,22 kmpl,1
6383,humid,bharat benz,Maruti Suzuki Eeco Cargo,19.71 kmpl,0
2148,hilly,mahindra,Maruti Suzuki Eeco Cargo,21.2 kmpl,1
6333,all,ashok leyland,Maruti Suzuki Super Carry,21.2 kmpl,0
9865,rainy,ashok leyland,Ashok Leyland Dost Strong,21.2 kmpl,0
1928,humid,bharat benz,Maruti Suzuki Eeco Cargo,18 kmpl,0
2017,all,mahindra,Mahindra Supro Profit Truck (Mini),18 kmpl,0
4334,desert,tata,Ashok Leyland Dost Strong,18 kmpl,1
7088,desert,tata,Ashok Leyland Dost Strong,19.6 kmpl,0
2126,desert,eicher motors,Maruti Suzuki Eeco Cargo,21.2 kmpl,0
3844,desert,eicher motors,Ashok Leyland Dost Strong,19.71 kmpl,1
9193,rainy,tata,Maruti Suzuki Eeco Cargo,18 kmpl,0
109,humid,ashok leyland,Mahindra Jeeto Plus,18 kmpl,0
360,hilly,ashok leyland,Maruti Suzuki Super Carry,21.2 kmpl,1
6138,rainy,eicher motors,Mahindra Jeeto Plus,18 kmpl,1
9965,rainy,bharat benz,Maruti Suzuki Eeco Cargo,19.6 kmpl,0
2319,hilly,tata,Maruti Suzuki Eeco Cargo,19.6 kmpl,0
7141,hilly,eicher motors,Mahindra Jeeto Plus,18 kmpl,0
2160,desert,eicher motors,Mahindra Supro Profit Truck (Mini),21.2 kmpl,0
5387,rainy,tata,Mahindra Supro Profit Truck (Mini),21.2 kmpl,0
1719,all,tata,Mahindra Supro Profit Truck (Mini),21.2 kmpl,0
8612,hilly,ashok leyland,Maruti Suzuki Eeco Cargo,22 kmpl,0
1442,hilly,bharat benz,Ashok Leyland Dost Strong,18 kmpl,0
2932,humid,bharat benz,Maruti Suzuki Eeco Cargo,21.2 kmpl,0
2924,all,tata,Ashok Leyland Dost Strong,19.6 kmpl,0
2094,all,mahindra,Mahindra Jeeto Plus,19.71 kmpl,1
3590,hilly,eicher motors,Maruti Suzuki Super Carry,19.71 kmpl,1
9410,desert,eicher motors,Ashok Leyland Dost Strong,21.2 kmpl,0
8084,humid,tata,Mahindra Supro Profit Truck (Mini),19.71 kmpl,0
1704,all,mahindra,Maruti Suzuki Eeco Cargo,19.71 kmpl,0
335,hilly,ashok leyland,Mahindra Jeeto Plus,22 kmpl,0
2008,all,tata,Mahindra Supro Profit Truck (Mini),19.6 kmpl,0
8667,humid,tata,Mahindra Jeeto Plus,19.6 kmpl,0
3630,humid,eicher motors,Maruti Suzuki Super Carry,22 kmpl,0
5356,rainy,tata,Maruti Suzuki Eeco Cargo,22 kmpl,1
2735,hilly,tata,Maruti Suzuki Eeco Cargo,19.71 kmpl,0
8262,humid,tata,Maruti Suzuki Super Carry,18 kmpl,0
9862,rainy,eicher motors,Maruti Suzuki Eeco Cargo,19.71 kmpl,1
2660,rainy,ashok leyland,Ashok Leyland Dost Strong,22 kmpl,0
5515,all,ashok leyland,Mahindra Jeeto Plus,19.6 kmpl,0
3491,all,tata,Mahindra Supro Profit Truck (Mini),19.71 kmpl,0
6051,rainy,eicher motors,Maruti Suzuki Super Carry,18 kmpl,0
5568,all,ashok leyland,Ashok Leyland Dost Strong,19.71 kmpl,1
8107,humid,ashok leyland,Mahindra Supro Profit Truck (Mini),21.2 kmpl,0
9164,desert,ashok leyland,Mahindra Supro Profit Truck (Mini),19.71 kmpl,0
9544,humid,eicher motors,Maruti Suzuki Super Carry,22 kmpl,0
6513,rainy,eicher motors,Ashok Leyland Dost Strong,19.6 kmpl,0
7041,rainy,tata,Mahindra Supro Profit Truck (Mini),19.6 kmpl,1
9606,humid,bharat benz,Mahindra Supro Profit Truck (Mini),22 kmpl,1
4920,all,ashok leyland,Ashok Leyland Dost Strong,21.2 kmpl,0
2998,all,bharat benz,Maruti Suzuki Eeco Cargo,22 kmpl,0
7646,rainy,eicher motors,Mahindra Supro Profit Truck (Mini),19.71 kmpl,0
177,hilly,eicher motors,Mahindra Jeeto Plus,22 kmpl,1
7677,all,eicher motors,Ashok Leyland Dost Strong,22 kmpl,0
4327,humid,bharat benz,Mahindra Supro Profit Truck (Mini),21.2 kmpl,0
700,all,eicher motors,Maruti Suzuki Super Carry,19.71 kmpl,0
1165,humid,tata,Mahindra Jeeto Plus,18 kmpl,0
2236,rainy,eicher motors,Mahindra Supro Profit Truck (Mini),18 kmpl,0
9610,all,mahindra,Mahindra Jeeto Plus,19.6 kmpl,0
7043,humid,bharat benz,Mahindra Jeeto Plus,22 kmpl,0
7904,rainy,mahindra,Maruti Suzuki Eeco Cargo,19.6 kmpl,0
6665,hilly,eicher motors,Mahindra Jeeto Plus,21.2 kmpl,0
6084,humid,tata,Maruti Suzuki Eeco Cargo,18 kmpl,1
5242,hilly,ashok leyland,Ashok Leyland Dost Strong,22 kmpl,0
4770,hilly,eicher motors,Maruti Suzuki Eeco Cargo,21.2 kmpl,0
2290,desert,tata,Maruti Suzuki Super Carry,21.2 kmpl,0
9284,all,bharat benz,Mahindra Supro Profit Truck (Mini),22 kmpl,0
2812,humid,mahindra,Ashok Leyland Dost Strong,21.2 kmpl,0
2292,hilly,mahindra,Ashok Leyland Dost Strong,22 kmpl,1
1348,desert,mahindra,Maruti Suzuki Super Carry,22 kmpl,0
4133,rainy,bharat benz,Maruti Suzuki Eeco Cargo,19.71 kmpl,1
2097,humid,tata,Mahindra Supro Profit Truck (Mini),19.6 kmpl,0
3787,hilly,bharat benz,Maruti Suzuki Eeco Cargo,21.2 kmpl,0
4118,all,mahindra,Mahindra Jeeto Plus,21.2 kmpl,0
2070,desert,eicher motors,Maruti Suzuki Eeco Cargo,19.71 kmpl,0
8489,hilly,ashok leyland,Ashok Leyland Dost Strong,19.71 kmpl,1
5865,all,bharat benz,Mahindra Supro Profit Truck (Mini),19.71 kmpl,1
1302,hilly,bharat benz,Maruti Suzuki Eeco Cargo,18 kmpl,1
8235,humid,tata,Mahindra Supro Profit Truck (Mini),18 kmpl,1
5667,humid,tata,Mahindra Supro Profit Truck (Mini),18 kmpl,1
7767,humid,bharat benz,Mahindra Jeeto Plus,22 kmpl,0
5842,desert,mahindra,Mahindra Jeeto Plus,21.2 kmpl,0
5888,humid,ashok leyland,Ashok Leyland Dost Strong,19.6 kmpl,0
5508,all,tata,Maruti Suzuki Super Carry,22 kmpl,0
8769,hilly,mahindra,Mahindra Supro Profit Truck (Mini),21.2 kmpl,1
9546,rainy,eicher motors,Maruti Suzuki Super Carry,21.2 kmpl,0
1022,all,tata,Ashok Leyland Dost Strong,19.71 kmpl,0
519,all,mahindra,Mahindra Supro Profit Truck (Mini),19.71 kmpl,0
2304,humid,mahindra,Mahindra Supro Profit Truck (Mini),22 kmpl,0
1220,desert,ashok leyland,Maruti Suzuki Super Carry,19.71 kmpl,0
1050,hilly,ashok leyland,Maruti Suzuki Eeco Cargo,21.2 kmpl,0
2436,desert,eicher motors,Mahindra Jeeto Plus,19.71 kmpl,0
5473,hilly,mahindra,Maruti Suzuki Eeco Cargo,18 kmpl,0
2343,hilly,mahindra,Maruti Suzuki Super Carry,19.71 kmpl,0
2745,desert,ashok leyland,Mahindra Jeeto Plus,21.2 kmpl,0
4712,all,tata,Maruti Suzuki Eeco Cargo,22 kmpl,0
1965,hilly,tata,Mahindra Jeeto Plus,19.6 kmpl,0
6128,desert,bharat benz,Mahindra Supro Profit Truck (Mini),19.71 kmpl,0
7426,hilly,ashok leyland,Maruti Suzuki Eeco Cargo,21.2 kmpl,0
6471,rainy,bharat benz,Mahindra Jeeto Plus,19.6 kmpl,0
6459,all,ashok leyland,Mahindra Jeeto Plus,19.6 kmpl,0
7963,humid,eicher motors,Mahindra Jeeto Plus,18 kmpl,0
3328,hilly,mahindra,Maruti Suzuki Eeco Cargo,19.6 kmpl,0
3819,rainy,eicher motors,Ashok Leyland Dost Strong,21.2 kmpl,0
2471,humid,ashok leyland,Maruti Suzuki Eeco Cargo,21.2 kmpl,1
2991,humid,mahindra,Maruti Suzuki Super Carry,19.71 kmpl,0
3856,hilly,tata,Maruti Suzuki Eeco Cargo,19.71 kmpl,1
4325,desert,tata,Mahindra Jeeto Plus,19.71 kmpl,0
194,hilly,bharat benz,Mahindra Supro Profit Truck (Mini),19.6 kmpl,0
2774,rainy,ashok leyland,Maruti Suzuki Eeco Cargo,19.6 kmpl,0
6998,humid,ashok leyland,Maruti Suzuki Eeco Cargo,18 kmpl,0
893,hilly,tata,Mahindra Jeeto Plus,19.71 kmpl,0
2216,desert,eicher motors,Mahindra Supro Profit Truck (Mini),22 kmpl,0
5879,hilly,mahindra,Mahindra Supro Profit Truck (Mini),18 kmpl,0
6266,all,eicher motors,Maruti Suzuki Super Carry,22 kmpl,0
914,desert,eicher motors,Maruti Suzuki Eeco Cargo,19.6 kmpl,0
445,rainy,tata,Mahindra Supro Profit Truck (Mini),18 kmpl,0
8654,humid,tata,Mahindra Supro Profit Truck (Mini),18 kmpl,0
2543,hilly,tata,Ashok Leyland Dost Strong,21.2 kmpl,0
7883,desert,bharat benz,Ashok Leyland Dost Strong,19.6 kmpl,1
1084,all,eicher motors,Mahindra Supro Profit Truck (Mini),19.6 kmpl,1
7890,desert,ashok leyland,Maruti Suzuki Super Carry,18 kmpl,1
9931,all,mahindra,Mahindra Supro Profit Truck (Mini),19.6 kmpl,0
927,rainy,bharat benz,Mahindra Jeeto Plus,18 kmpl,1
3631,humid,ashok leyland,Maruti Suzuki Eeco Cargo,21.2 kmpl,1
7247,rainy,eicher motors,Maruti Suzuki Super Carry,18 kmpl,0
4551,hilly,tata,Mahindra Jeeto Plus,19.6 kmpl,0
3976,desert,eicher motors,Maruti Suzuki Super Carry,19.6 kmpl,1
6059,all,mahindra,Mahindra Jeeto Plus,18 kmpl,0
226,all,bharat benz,Maruti Suzuki Eeco Cargo,18 kmpl,0
